City_ID,City,Country,Date,Lat,Lng,Max Temp,Humidity,Cloudiness,Wind Speed
0,Pacific Grove,US,2022-03-02 14:50:30,36.6177,-121.9166,52.56,67,0,3.0
1,Rikitea,PF,2022-03-02 14:41:48,-23.1203,-134.9692,79.57,68,70,14.7
2,Orlik,RU,2022-03-02 14:50:31,52.5178,99.825,6.03,96,100,1.83
3,Avera,US,2022-03-02 14:50:31,33.194,-82.5271,63.72,44,0,4.83
4,Avarua,CK,2022-03-02 14:50:13,-21.2078,-159.775,77.05,94,40,2.3
5,Hithadhoo,MV,2022-03-02 14:50:32,-0.6,73.0833,84.85,67,100,13.42
6,Cherskiy,RU,2022-03-02 14:44:57,68.75,161.3,-22.95,100,71,2.62
7,Luderitz,NA,2022-03-02 14:50:32,-26.6481,15.1594,71.46,70,2,16.58
8,Cocoa Beach,US,2022-03-02 14:49:45,28.32,-80.6076,72.09,74,0,10.36
9,Kapaa,US,2022-03-02 14:43:35,22.0752,-159.319,69.78,78,20,6.91
10,Hasaki,JP,2022-03-02 14:47:34,35.7333,140.8333,48.6,84,100,18.03
11,La Orilla,MX,2022-03-02 14:50:33,17.9833,-102.2333,77.29,50,0,3.13
12,Didao,CN,2022-03-02 14:50:34,45.3667,130.8,20.41,90,100,9.19
13,Nikolskoye,RU,2022-03-02 14:50:34,59.7035,30.7861,36.88,93,24,4.99
14,Punta Arenas,CL,2022-03-02 14:49:39,-53.15,-70.9167,42.12,86,100,15.19
15,Vaini,TO,2022-03-02 14:50:34,-21.2,-175.2,75.36,94,75,2.3
16,Samfya,ZM,2022-03-02 14:50:35,-11.3649,29.5565,71.28,85,96,1.79
17,Akdepe,TM,2022-03-02 14:50:35,42.0551,59.3788,53.69,55,94,10.22
18,Leningradskiy,RU,2022-03-02 14:50:36,69.3833,178.4167,3.04,94,100,6.17
19,Busselton,AU,2022-03-02 14:50:36,-33.65,115.3333,53.1,63,51,8.57
20,Cabinda,AO,2022-03-02 14:50:36,-5.55,12.2,87.94,66,20,6.91
21,Rio Muerto,MX,2022-03-02 14:50:37,27.4167,-110.2333,68.11,21,98,1.9
22,Hermanus,ZA,2022-03-02 14:50:37,-34.4187,19.2345,77.9,60,0,18.99
23,Formosa Do Rio Preto,BR,2022-03-02 14:50:38,-11.0483,-45.1931,87.06,46,99,8.79
24,Senanga,ZM,2022-03-02 14:50:38,-16.1167,23.2667,81.36,57,73,3.02
25,Fortuna,US,2022-03-02 14:50:38,40.5982,-124.1573,52.93,93,75,10.36
26,Ilulissat,GL,2022-03-02 14:50:39,69.2167,-51.1,31.35,65,100,12.33
27,Kloulklubed,PW,2022-03-02 14:50:39,7.0419,134.2556,83.19,76,24,20.29
28,Castro,BR,2022-03-02 14:49:57,-24.7911,-50.0119,68.94,89,100,4.61
29,Taoudenni,ML,2022-03-02 14:47:26,22.6783,-3.9836,84.16,16,7,17.96
30,Qaanaaq,GL,2022-03-02 14:50:40,77.484,-69.3632,1.6,58,11,8.5
31,Baruun-Urt,MN,2022-03-02 14:50:40,46.6806,113.2792,11.46,84,80,5.95
32,Carauari,BR,2022-03-02 14:50:40,-4.8828,-66.8958,72.79,97,100,2.93
33,Kaitangata,NZ,2022-03-02 14:50:41,-46.2817,169.8464,49.93,85,31,3.11
34,Sinnamary,GF,2022-03-02 14:50:41,5.3833,-52.95,79.32,87,97,8.75
35,Mattru,SL,2022-03-02 14:51:56,7.6244,-11.8332,96.15,37,48,2.82
36,Guiberoua,CI,2022-03-02 14:51:57,6.2392,-6.1727,91.13,44,88,2.86
37,Barrow,US,2022-03-02 14:51:57,71.2906,-156.7887,14.02,85,100,4.61
38,Chimore,BO,2022-03-02 14:51:58,-16.9833,-65.1333,88.23,62,66,2.53
39,Roma,US,2022-03-02 14:51:58,43.2128,-75.4557,30.43,75,100,1.01
40,Port Elizabeth,ZA,2022-03-02 14:48:19,-33.918,25.5701,80.1,69,0,21.85
41,Ponta Do Sol,PT,2022-03-02 14:51:59,32.6667,-17.1,70.0,75,81,1.41
42,Khatanga,RU,2022-03-02 14:51:59,71.9667,102.5,0.59,85,100,9.4
43,Yellowknife,CA,2022-03-02 14:51:38,62.456,-114.3525,-28.44,87,0,5.75
44,Sabang,ID,2022-03-02 14:52:00,5.8933,95.3214,82.49,73,100,5.26
45,Ushuaia,AR,2022-03-02 14:52:00,-54.8,-68.3,46.06,81,40,3.44
46,Roxana,CR,2022-03-02 14:53:00,10.2753,-83.7513,83.03,64,37,2.57
47,Atuona,PF,2022-03-02 14:53:01,-9.8,-139.0333,78.55,75,37,20.02
48,Kodiak,US,2022-03-02 14:53:01,57.79,-152.4072,34.47,81,100,11.05
49,Kenmare,IE,2022-03-02 14:53:02,51.8833,-9.5833,52.03,89,100,5.99
50,Bibiani,GH,2022-03-02 14:53:02,6.4635,-2.3194,90.41,46,99,1.1
51,Sao Joao Da Barra,BR,2022-03-02 14:53:03,-21.6403,-41.0511,89.69,69,5,9.71
52,Celestun,MX,2022-03-02 14:53:03,20.8667,-90.4,74.16,65,52,7.63
53,Souillac,MU,2022-03-02 14:53:03,-20.5167,57.5167,82.78,78,40,8.05
54,Bredasdorp,ZA,2022-03-02 14:53:04,-34.5322,20.0403,79.92,47,59,11.5
55,Poum,NC,2022-03-02 14:53:04,-20.2333,164.0167,81.97,78,100,12.88
56,Chitral,PK,2022-03-02 14:53:05,35.8462,71.7858,37.26,65,61,5.82
57,Victoria,HK,2022-03-02 14:44:34,22.2855,114.1577,68.18,87,93,25.01
58,Severo-Kurilsk,RU,2022-03-02 14:53:05,50.6789,156.125,23.41,62,98,25.75
59,Tazovskiy,RU,2022-03-02 14:53:06,67.4667,78.7,-18.9,100,70,8.23
60,Padang,ID,2022-03-02 14:53:06,-0.9492,100.3543,78.85,85,100,3.27
61,Berlevag,NO,2022-03-02 14:53:06,70.8578,29.0864,33.75,86,75,16.11
62,Sitka,US,2022-03-02 14:48:42,57.0531,-135.33,40.89,87,100,6.91
63,Kinsale,IE,2022-03-02 14:53:07,51.7075,-8.5306,49.37,87,75,13.8
64,Maumere,ID,2022-03-02 14:53:07,-8.6199,122.2111,79.81,84,83,10.27
65,Bluff,NZ,2022-03-02 14:43:33,-46.6,168.3333,44.8,85,49,5.75
66,Mount Darwin,ZW,2022-03-02 14:53:08,-16.7725,31.5838,78.82,64,52,3.76
67,Mar Del Plata,AR,2022-03-02 14:53:08,-38.0023,-57.5575,79.09,54,0,25.32
68,Mareeba,AU,2022-03-02 14:53:09,-17.0,145.4333,74.12,90,83,1.57
69,Saint-Philippe,RE,2022-03-02 14:53:09,-21.3585,55.7679,81.99,86,96,5.99
70,Hilo,US,2022-03-02 14:51:38,19.7297,-155.09,71.33,78,100,4.61
71,Tiksi,RU,2022-03-02 14:47:32,71.6872,128.8694,-22.22,100,94,2.39
72,Matamoros,MX,2022-03-02 14:53:10,25.5333,-103.25,60.6,38,100,0.92
73,Varhaug,NO,2022-03-02 14:53:10,58.6147,5.6457,47.75,84,67,10.25
74,Husavik,IS,2022-03-02 14:48:54,66.0449,-17.3389,40.91,82,100,25.52
75,Rincon,US,2022-03-02 14:50:40,32.296,-81.2354,63.95,55,0,1.01
76,Clovis,US,2022-03-02 14:53:11,36.8252,-119.7029,61.68,76,0,5.75
77,Zhigansk,RU,2022-03-02 14:53:11,66.7697,123.3711,-26.09,100,100,2.04
78,Port Alfred,ZA,2022-03-02 14:53:12,-33.5906,26.891,75.24,77,27,17.36
79,Deputatskiy,RU,2022-03-02 14:53:13,69.3,139.9,-25.8,100,94,2.19
80,Albany,US,2022-03-02 14:49:24,42.6001,-73.9662,35.55,64,62,1.99
81,Port Blair,IN,2022-03-02 14:53:13,11.6667,92.75,82.44,78,40,4.61
82,East London,ZA,2022-03-02 14:48:53,-33.0153,27.9116,81.39,73,2,12.8
83,Sidney,AU,2022-03-02 14:50:44,-33.8679,151.2073,71.11,92,75,19.57
84,Nanortalik,GL,2022-03-02 14:53:14,60.1432,-45.2371,22.84,90,100,24.54
85,Doliana,GR,2022-03-02 14:53:15,39.9032,20.5794,48.96,57,87,5.75
86,Otane,NZ,2022-03-02 14:50:06,-39.8833,176.6333,55.0,76,92,3.18
87,Krasnoselkup,RU,2022-03-02 14:48:46,65.7,82.4667,-9.87,97,66,10.71
88,Mataura,NZ,2022-03-02 14:53:15,-46.1927,168.8643,43.48,97,44,2.66
89,Litovko,RU,2022-03-02 14:53:16,49.2361,135.1742,-11.24,100,92,1.36
90,Ancud,CL,2022-03-02 14:47:30,-41.8697,-73.8203,67.42,94,100,6.8
91,High Level,CA,2022-03-02 14:54:16,58.5169,-117.136,-2.09,71,75,9.22
92,Riyadh,SA,2022-03-02 14:54:17,24.6877,46.7219,87.94,16,0,11.97
93,At-Bashi,KG,2022-03-02 14:54:17,41.1702,75.8106,13.77,80,32,2.33
94,Odweyne,SO,2022-03-02 14:54:17,9.4092,45.064,78.82,33,29,17.18
95,Belozerskoye,RU,2022-03-02 14:54:18,55.8214,65.5842,22.82,92,18,13.02
96,Tsabong,BW,2022-03-02 14:54:18,-26.0217,22.401,94.75,18,75,3.4
97,Touros,BR,2022-03-02 14:54:19,-5.1989,-35.4608,90.5,59,95,12.91
98,Port Augusta,AU,2022-03-02 14:54:19,-32.5,137.7667,68.14,64,0,8.01
99,Aswan,EG,2022-03-02 14:52:20,24.0934,32.907,92.5,19,0,4.61
100,Mahebourg,MU,2022-03-02 14:54:20,-20.4081,57.7,82.69,78,40,8.05
101,Puerto Ayora,EC,2022-03-02 14:54:20,-0.7393,-90.3518,80.56,86,85,5.01
102,Comodoro Rivadavia,AR,2022-03-02 14:54:20,-45.8667,-67.5,60.66,36,0,6.91
103,Meulaboh,ID,2022-03-02 14:54:21,4.1363,96.1285,78.19,88,78,4.12
104,Katsuura,JP,2022-03-02 14:54:21,35.1333,140.3,50.18,70,61,6.29
105,Faanui,PF,2022-03-02 14:54:22,-16.4833,-151.75,81.84,67,100,20.29
106,Bethel,US,2022-03-02 14:52:00,41.3712,-73.414,43.48,67,75,6.91
107,Hambantota,LK,2022-03-02 14:54:22,6.1241,81.1185,79.14,89,40,9.22
108,Tasiilaq,GL,2022-03-02 14:54:23,65.6145,-37.6368,24.84,79,100,55.16
109,Namibe,AO,2022-03-02 14:54:23,-15.1961,12.1522,78.12,77,100,7.18
110,Adrar,MR,2022-03-02 14:54:24,20.5022,-10.0711,86.67,14,14,15.57
111,Kavieng,PG,2022-03-02 14:47:35,-2.5744,150.7967,78.82,83,100,12.35
112,Cape Town,ZA,2022-03-02 14:51:27,-33.9258,18.4232,75.61,68,40,18.41
113,Makakilo City,US,2022-03-02 14:54:24,21.3469,-158.0858,69.28,86,0,0.0
114,Lofthus,NO,2022-03-02 14:54:25,59.9468,10.8018,48.4,78,0,3.51
115,Valparaiso,CL,2022-03-02 14:54:25,-33.0393,-71.6273,65.84,63,0,10.36
116,Buraydah,SA,2022-03-02 14:54:25,26.326,43.975,90.05,16,39,7.4
117,Shancheng,CN,2022-03-02 14:54:26,34.7953,116.0817,48.96,34,2,6.91
118,Puerto Escondido,MX,2022-03-02 14:54:27,15.85,-97.0667,82.04,47,6,2.1
119,Nuuk,GL,2022-03-02 14:50:38,64.1835,-51.7216,11.55,88,100,4.34
120,Skibbereen,IE,2022-03-02 14:54:27,51.55,-9.2667,49.8,91,100,11.1
121,Bilma,NE,2022-03-02 14:54:27,18.6853,12.9164,93.85,5,8,6.87
122,Vardo,NO,2022-03-02 14:48:44,70.3705,31.1107,30.18,80,0,12.66
123,Butaritari,KI,2022-03-02 14:54:28,3.0707,172.7902,80.11,85,17,11.99
124,Lermontovka,RU,2022-03-02 14:54:28,47.1453,134.3383,1.45,100,95,1.12
125,Upernavik,GL,2022-03-02 14:54:29,72.7868,-56.1549,-6.92,80,11,9.15
126,Kamaishi,JP,2022-03-02 14:54:29,39.2667,141.8833,36.19,69,36,4.54
127,Tiarei,PF,2022-03-02 14:54:30,-17.5333,-149.3333,75.22,73,29,19.55
128,Jamestown,US,2022-03-02 14:49:51,42.097,-79.2353,33.3,49,49,1.99
129,Bang Saphan,TH,2022-03-02 14:54:30,11.2126,99.5117,77.54,89,30,0.45
130,Bambous Virieux,MU,2022-03-02 14:54:31,-20.3428,57.7575,82.65,78,40,8.05
131,Virginia Beach,US,2022-03-02 14:45:17,36.8529,-75.978,59.05,57,0,6.91
132,Nemuro,JP,2022-03-02 14:54:31,43.3236,145.575,25.88,78,98,4.56
133,Provideniya,RU,2022-03-02 14:54:32,64.3833,-173.3,11.01,96,56,9.35
134,Buenaventura,CO,2022-03-02 14:53:07,3.8801,-77.0312,79.9,85,94,2.28
135,Salalah,OM,2022-03-02 14:54:32,17.0151,54.0924,76.41,61,0,2.04
136,Carnarvon,AU,2022-03-02 14:54:33,-24.8667,113.6333,73.47,56,0,31.07
137,Cayenne,GF,2022-03-02 14:52:11,4.9333,-52.3333,84.24,82,75,13.8
138,Inirida,CO,2022-03-02 14:55:33,3.8653,-67.9239,79.92,81,99,2.75
139,Karratha,AU,2022-03-02 14:55:34,-20.7377,116.8463,92.8,41,82,7.36
140,Liku,ID,2022-03-02 14:55:34,-0.7275,119.8922,76.06,95,100,2.01
141,Omboue,GA,2022-03-02 14:55:34,-1.5746,9.2618,85.68,66,70,9.84
142,Hobart,AU,2022-03-02 14:53:10,-42.8794,147.3294,66.06,86,75,8.05
143,Thompson,CA,2022-03-02 14:55:35,55.7435,-97.8558,-23.64,76,20,6.91
144,Yatou,CN,2022-03-02 14:55:36,37.15,122.3833,38.25,52,0,4.05
145,Clyde River,CA,2022-03-02 14:55:36,70.4692,-68.5914,7.03,85,100,28.77
146,Purpe,RU,2022-03-02 14:55:36,64.4803,76.6897,-1.34,92,100,9.28
147,Vanimo,PG,2022-03-02 14:48:47,-2.6741,141.3028,77.02,88,100,1.77
148,Chifeng,CN,2022-03-02 14:55:37,42.2683,118.9636,23.83,51,3,0.83
149,Jeremie,HT,2022-03-02 14:55:37,18.65,-74.1167,81.19,63,4,4.25
150,New Norfolk,AU,2022-03-02 14:46:07,-42.7826,147.0587,65.7,98,15,1.57
151,Mlalo,TZ,2022-03-02 14:55:38,-4.9333,38.9333,83.05,65,3,12.1
152,Deqing,CN,2022-03-02 14:55:38,30.5448,119.9599,53.56,80,3,1.3
153,Cabo San Lucas,MX,2022-03-02 14:51:00,22.8909,-109.9124,68.5,58,99,1.32
154,Seydi,TM,2022-03-02 14:55:39,39.4816,62.9137,58.93,37,58,8.9
155,Katobu,ID,2022-03-02 14:55:39,-4.9408,122.5276,76.44,91,11,1.61
156,Caravelas,BR,2022-03-02 14:55:40,-17.7125,-39.2481,86.99,54,100,9.84
157,Adre,TD,2022-03-02 14:55:40,13.4667,22.2,96.19,7,100,0.96
158,Djibo,BF,2022-03-02 14:55:40,14.1022,-1.6306,100.2,15,12,6.04
159,Grand Gaube,MU,2022-03-02 14:47:39,-20.0064,57.6608,82.8,78,5,5.99
160,Santa Maria,BR,2022-03-02 14:55:41,-29.6842,-53.8069,76.3,78,20,3.44
161,Georgetown,MY,2022-03-02 14:54:50,5.4112,100.3354,78.75,93,40,5.99
162,Vila Franca Do Campo,PT,2022-03-02 14:51:14,37.7167,-25.4333,63.19,88,99,9.1
163,Lata,PT,2022-03-02 14:55:42,40.1629,-8.3327,61.36,57,100,7.76
164,Krasnyy Chikoy,RU,2022-03-02 14:55:42,50.3643,108.7512,6.12,99,63,1.74
165,Stornoway,GB,2022-03-02 14:55:42,58.2093,-6.3865,47.93,53,20,8.05
166,Del Rio,US,2022-03-02 14:54:47,29.3627,-100.8968,53.82,71,0,6.91
167,Aklavik,CA,2022-03-02 14:47:27,68.2191,-135.0107,-4.97,95,21,13.69
168,Chokurdakh,RU,2022-03-02 14:55:43,70.6333,147.9167,-26.59,100,93,3.74
169,Aykhal,RU,2022-03-02 14:55:43,66.0,111.5,-4.86,100,100,4.36
170,Tuatapere,NZ,2022-03-02 14:55:44,-46.1333,167.6833,43.83,85,60,3.27
171,Norman Wells,CA,2022-03-02 14:48:58,65.282,-126.8329,3.24,60,40,21.85
172,Panaba,MX,2022-03-02 14:55:45,21.2833,-88.2667,75.81,54,42,7.38
173,Akhtubinsk,RU,2022-03-02 14:53:04,48.2795,46.1722,40.59,78,92,10.04
174,Coahuayana,MX,2022-03-02 14:55:45,18.7333,-103.6833,78.93,32,0,1.39
175,Konispol,AL,2022-03-02 14:55:46,39.6589,20.1814,50.95,51,51,8.37
176,Arraial Do Cabo,BR,2022-03-02 14:47:28,-22.9661,-42.0278,93.16,58,0,4.61
177,Hohhot,CN,2022-03-02 14:55:46,40.8106,111.6522,21.49,35,0,4.47
178,Vao,NC,2022-03-02 14:55:46,-22.6667,167.4833,79.32,85,74,19.3
179,Airai,TL,2022-03-02 14:55:47,-8.9266,125.4092,61.57,85,7,1.86
180,Loum,CM,2022-03-02 14:55:47,4.7182,9.7351,94.96,38,82,7.61
181,Aksu,CN,2022-03-02 14:55:48,41.1231,80.2644,44.35,33,68,5.75
182,Brae,GB,2022-03-02 14:56:48,60.3964,-1.353,44.51,72,100,17.13
183,Nouadhibou,MR,2022-03-02 14:47:37,20.931,-17.0347,75.18,64,0,17.27
184,Torbay,CA,2022-03-02 14:56:48,47.6666,-52.7314,30.27,68,75,10.36
185,Lhokseumawe,ID,2022-03-02 14:56:49,5.1801,97.1507,77.85,89,34,3.4
186,Beberibe,BR,2022-03-02 14:56:49,-4.1797,-38.1306,87.84,69,99,10.54
187,Aksha,RU,2022-03-02 14:56:50,50.2814,113.2867,6.13,93,59,2.57
188,Turbat,PK,2022-03-02 14:56:50,26.0023,63.044,81.27,28,0,9.86
189,Loikaw,MM,2022-03-02 14:56:50,19.6742,97.2094,69.35,36,8,3.74
190,Dunedin,NZ,2022-03-02 14:56:51,-45.8742,170.5036,53.8,76,41,3.53
191,Te Anau,NZ,2022-03-02 14:56:51,-45.4167,167.7167,48.51,90,81,1.05
192,Saskylakh,RU,2022-03-02 14:56:52,71.9167,114.0833,-26.07,100,70,5.7
193,Port Hardy,CA,2022-03-02 14:56:52,50.6996,-127.4199,44.76,93,75,12.66
194,Itoman,JP,2022-03-02 14:56:52,26.1247,127.6694,64.42,72,100,5.75
195,Haapsalu,EE,2022-03-02 14:56:53,58.9431,23.5414,36.99,80,25,6.26
196,Yumen,CN,2022-03-02 14:56:53,40.2833,97.2,36.93,28,92,19.3
197,Lebu,CL,2022-03-02 14:56:54,-37.6167,-73.65,65.44,76,2,16.96
198,Marsh Harbour,BS,2022-03-02 14:56:54,26.5412,-77.0636,72.88,63,16,12.03
199,Tabas,IR,2022-03-02 14:56:55,33.5959,56.9244,67.03,24,46,3.71
200,Guerrero Negro,MX,2022-03-02 14:56:55,27.9769,-114.0611,61.25,62,89,0.74
201,General Pico,AR,2022-03-02 14:56:55,-35.6566,-63.7568,79.14,33,0,13.8
202,Sao Filipe,CV,2022-03-02 14:47:38,14.8961,-24.4956,73.53,64,0,12.8
203,Codrington,AU,2022-03-02 14:56:56,-38.2667,141.9667,67.19,75,1,6.2
204,Mantua,IT,2022-03-02 14:52:09,45.1667,10.7833,56.88,35,95,1.99
205,Nome,US,2022-03-02 14:56:56,64.5011,-165.4064,2.16,88,90,5.14
206,Chuy,UY,2022-03-02 14:56:57,-33.6971,-53.4616,82.4,35,0,11.88
207,Karatu,TZ,2022-03-02 14:56:57,-3.3333,35.6667,74.59,41,90,3.18
208,Betanzos,ES,2022-03-02 14:56:57,43.2804,-8.2147,55.9,85,100,9.22
209,Tuktoyaktuk,CA,2022-03-02 14:56:58,69.4541,-133.0374,-7.6,71,0,18.41
210,Okha,RU,2022-03-02 14:56:58,53.5739,142.9478,-7.24,100,97,7.96
211,Sangar,RU,2022-03-02 14:56:59,63.9242,127.4739,-22.81,100,60,2.95
212,Talnakh,RU,2022-03-02 14:56:59,69.4865,88.3972,-10.21,99,100,7.7
213,Shimoda,JP,2022-03-02 14:57:00,34.6667,138.95,43.11,66,7,9.04
214,Phuket,TH,2022-03-02 14:57:00,8.0,98.25,80.82,83,20,0.0
215,Beira,MZ,2022-03-02 14:57:00,-19.8436,34.8389,86.09,62,20,12.66
216,Taganak,PH,2022-03-02 14:57:01,6.0833,118.3,75.34,81,70,7.83
217,Tigil,RU,2022-03-02 14:57:01,57.8,158.6667,-0.71,100,100,2.39
218,Pangody,RU,2022-03-02 14:57:02,65.85,74.4859,-4.95,99,100,5.06
219,Rafai,CF,2022-03-02 14:57:02,4.95,23.9167,94.91,20,68,4.32
220,Kodinsk,RU,2022-03-02 14:57:03,58.6881,99.1844,17.11,91,100,8.1
221,Pagudpud,PH,2022-03-02 14:57:03,18.5616,120.7868,73.89,87,19,13.78
222,Andenes,NO,2022-03-02 14:57:04,69.3143,16.1194,35.58,75,75,23.02
223,Morgan City,US,2022-03-02 14:57:04,29.6994,-91.2068,60.01,49,37,3.15
224,Kawalu,ID,2022-03-02 14:57:05,-7.3817,108.2082,73.18,91,100,1.25
225,Emba,KZ,2022-03-02 14:57:05,48.8264,58.1442,15.55,88,36,6.85
226,Pisco,PE,2022-03-02 14:54:56,-13.7,-76.2167,75.25,73,100,5.75
227,Lai,TD,2022-03-02 14:57:06,9.3952,16.2989,104.65,7,6,5.03
228,Dikson,RU,2022-03-02 14:57:06,73.5069,80.5464,-16.67,100,100,6.15
229,Kadrina,EE,2022-03-02 14:58:06,59.3347,26.145,33.01,91,88,6.49
230,Gorontalo,ID,2022-03-02 14:58:07,0.5412,123.0595,75.16,96,86,3.91
231,Kharp,RU,2022-03-02 14:58:07,66.8014,65.8081,13.08,97,100,3.91
232,Biak,ID,2022-03-02 14:58:08,-0.9131,122.8766,77.67,84,85,4.52
233,Magura,RO,2022-03-02 14:58:08,45.2667,26.5833,41.63,67,93,2.44
234,Sakete,BJ,2022-03-02 14:58:09,6.7362,2.6587,86.94,41,100,11.99
235,Noumea,NC,2022-03-02 14:58:09,-22.2763,166.4572,79.0,99,59,8.46
236,Shaoyang,CN,2022-03-02 14:58:09,27.2315,111.4525,56.26,77,51,3.98
237,Billings,US,2022-03-02 14:54:14,45.7833,-108.5007,48.51,68,100,5.41
238,Hamilton,US,2022-03-02 14:55:35,39.1834,-84.5333,49.75,67,10,1.99
239,Egvekinot,RU,2022-03-02 14:58:10,66.3167,-179.1667,7.77,79,1,8.57
240,Gambiran,ID,2022-03-02 14:58:11,-6.7988,111.4951,75.25,93,97,3.89
241,Muroto,JP,2022-03-02 14:58:11,33.2833,134.15,52.68,60,0,7.34
242,Kedainiai,LT,2022-03-02 14:58:11,55.2883,23.9747,41.14,52,14,3.8
243,Xining,CN,2022-03-02 14:58:12,36.6167,101.7667,30.97,47,70,3.44
244,Shirokiy,RU,2022-03-02 14:58:13,49.758,129.523,-1.17,95,18,6.76
245,Starobaltachevo,RU,2022-03-02 14:58:13,56.0013,55.9213,16.66,97,68,6.42
246,Havre-Saint-Pierre,CA,2022-03-02 14:58:13,50.2334,-63.5986,21.79,86,100,18.41
247,Bonavista,CA,2022-03-02 14:58:14,48.6499,-53.1147,27.12,66,90,12.73
248,Nhulunbuy,AU,2022-03-02 14:55:15,-12.2333,136.7667,83.01,89,100,6.91
249,Mastic Beach,US,2022-03-02 14:58:15,40.7668,-72.8521,45.5,66,27,5.01
250,Sann,PK,2022-03-02 14:58:15,26.0418,68.1378,76.91,39,0,9.22
251,Necochea,AR,2022-03-02 14:58:16,-38.5473,-58.7368,73.04,48,65,22.84
252,Zhicheng,CN,2022-03-02 14:58:16,30.2956,111.5047,57.83,66,48,3.98
253,Havre,FR,2022-03-02 14:58:16,49.5833,0.3333,55.8,50,0,4.61
254,Amga,RU,2022-03-02 14:58:17,60.8953,131.9608,-14.69,100,99,0.22
255,Jertih,MY,2022-03-02 14:58:17,5.7336,102.4897,80.47,90,87,3.94
256,Kenitra,MA,2022-03-02 14:58:18,34.261,-6.5802,65.16,47,0,10.11
257,Pangnirtung,CA,2022-03-02 14:58:18,66.1451,-65.7125,1.62,87,100,3.09
258,Kalmunai,LK,2022-03-02 14:58:19,7.4167,81.8167,76.1,87,100,8.9
259,Kruisfontein,ZA,2022-03-02 14:58:19,-34.0033,24.7314,77.88,58,0,18.41
260,Tulagi,SB,2022-03-02 14:58:19,-9.0996,160.1476,78.89,83,100,9.37
261,Bassano,CA,2022-03-02 14:58:20,50.7834,-112.4685,19.96,95,100,8.43
262,Fethiye,TR,2022-03-02 14:58:20,36.6217,29.1164,46.27,92,100,21.97
263,Boa Vista,BR,2022-03-02 14:58:21,2.8197,-60.6733,89.58,48,75,16.11
264,Leh,IN,2022-03-02 14:58:21,34.1667,77.5833,11.21,78,98,1.92
265,Lebane,RS,2022-03-02 14:58:22,42.9239,21.7375,42.04,55,100,9.86
266,Povenets,RU,2022-03-02 14:58:22,62.8487,34.8262,32.0,87,100,11.25
267,Prainha,BR,2022-03-02 14:58:22,-1.8,-53.48,83.8,64,76,4.63
268,Greystones,IE,2022-03-02 14:58:23,53.1408,-6.0631,52.68,98,100,20.6
269,Tocopilla,CL,2022-03-02 14:58:23,-22.092,-70.1979,73.2,74,93,6.24
270,Itarema,BR,2022-03-02 14:58:24,-2.9248,-39.9167,82.56,76,90,12.12
271,El Dorado,US,2022-03-02 14:58:24,38.7666,-120.5177,53.19,47,96,3.0
272,Monrovia,LR,2022-03-02 14:58:24,6.3005,-10.7969,89.37,69,97,9.91
273,Qinzhou,CN,2022-03-02 14:58:25,21.95,108.6167,70.84,69,89,4.45
274,Bronnoysund,NO,2022-03-02 14:58:25,65.4625,12.1997,39.72,87,40,14.0
275,Saint-Augustin,CA,2022-03-02 14:59:26,51.226,-58.6502,11.01,89,100,2.28
276,Roald,NO,2022-03-02 14:59:26,62.5833,6.1333,44.74,76,40,8.05
277,Chakia,IN,2022-03-02 14:59:26,26.4167,85.05,68.52,38,0,7.29
278,Fairbanks,US,2022-03-02 14:57:56,64.8378,-147.7164,10.09,84,75,3.44
279,Ribeira Grande,PT,2022-03-02 14:59:27,38.5167,-28.7,63.0,51,40,16.11
280,Mayo,US,2022-03-02 14:59:27,38.8876,-76.5119,55.08,61,0,3.44
281,Amahai,ID,2022-03-02 14:59:28,-3.3333,128.9167,80.15,83,80,2.84
282,Vestmannaeyjar,IS,2022-03-02 14:59:28,63.4427,-20.2734,40.19,93,100,16.11
283,Salinas,US,2022-03-02 14:56:31,36.6777,-121.6555,59.72,58,100,2.53
284,Minab,IR,2022-03-02 14:59:28,27.1467,57.0801,75.52,64,7,4.61
285,Sorong,ID,2022-03-02 14:59:29,-0.8833,131.25,81.05,82,99,8.61
286,Acapulco,MX,2022-03-02 14:59:23,16.8634,-99.8901,79.84,59,17,2.08
287,Las Vegas,US,2022-03-02 14:56:36,36.175,-115.1372,62.67,22,2,2.77
288,Ostrovnoy,RU,2022-03-02 14:59:29,68.0531,39.5131,29.07,87,68,19.08
289,La Ronge,CA,2022-03-02 14:59:30,55.1001,-105.2842,-27.15,68,0,0.0
290,Katwa,IN,2022-03-02 14:59:30,23.6399,88.128,76.93,35,1,1.79
291,Longyearbyen,SJ,2022-03-02 14:59:31,78.2186,15.6401,13.84,85,75,10.36
292,Saint George,US,2022-03-02 14:59:31,37.1041,-113.5841,52.54,42,2,4.61
293,Saldanha,ZA,2022-03-02 14:59:31,-33.0117,17.9442,78.85,78,15,12.48
294,Ahipara,NZ,2022-03-02 14:59:32,-35.1667,173.1667,66.24,65,69,14.18
295,Margate,GB,2022-03-02 14:59:32,51.3813,1.3862,48.31,73,100,4.0
296,Narsaq,GL,2022-03-02 14:59:32,60.9167,-46.05,23.76,90,100,6.49
297,Hofn,IS,2022-03-02 14:59:33,64.2539,-15.2082,41.02,87,100,20.71
298,Hit,IQ,2022-03-02 14:59:33,33.6416,42.8251,75.76,22,100,2.06
299,Hanzhong,CN,2022-03-02 14:59:33,33.0728,107.0303,51.37,51,68,0.94
300,Almeirim,BR,2022-03-02 14:59:34,-1.5233,-52.5817,84.72,66,76,4.5
301,Pokhara,NP,2022-03-02 14:59:34,28.2333,83.9833,60.24,68,96,4.56
302,Kutum,SD,2022-03-02 14:59:35,14.2,24.6667,91.11,9,3,4.47
303,Tecoanapa,MX,2022-03-02 14:59:35,16.5167,-98.75,80.76,59,57,2.1
304,Lagoa,PT,2022-03-02 14:59:35,39.05,-27.9833,58.33,58,99,19.57
305,Togur,RU,2022-03-02 14:59:36,58.3631,82.8265,10.27,88,78,11.61
306,Camacha,PT,2022-03-02 14:59:36,33.0833,-16.3333,66.52,72,40,12.66
307,Tazmalt,DZ,2022-03-02 14:59:36,36.3868,4.3989,60.85,36,2,7.09
308,Ekibastuz,KZ,2022-03-02 14:59:37,51.6667,75.3667,8.47,98,24,5.91
309,Gat,IL,2022-03-02 14:59:37,31.61,34.7642,74.39,9,100,5.17
310,Awassa,ET,2022-03-02 14:59:37,7.05,38.4667,79.77,27,64,11.34
311,Nerang,AU,2022-03-02 14:59:38,-27.9833,153.3333,76.66,92,52,1.21
312,Quzhou,CN,2022-03-02 14:59:38,28.9594,118.8686,52.27,91,0,3.62
313,San Carlos De Bariloche,AR,2022-03-02 14:59:39,-41.1456,-71.3082,64.15,55,20,19.57
314,Novosysoyevka,RU,2022-03-02 14:59:39,44.235,133.3642,26.22,97,100,3.8
315,Paka,MY,2022-03-02 14:59:39,4.6374,103.4368,80.53,89,13,4.61
316,Gorin,RU,2022-03-02 14:59:40,51.1983,136.6669,-1.52,99,100,1.88
317,Kizilskoye,RU,2022-03-02 14:59:40,52.7255,58.8937,10.31,97,14,4.54
318,Bengkulu,ID,2022-03-02 14:56:19,-3.8004,102.2655,78.26,84,99,4.68
319,Alofi,NU,2022-03-02 14:59:41,-19.0595,-169.9187,75.09,94,52,1.14
320,Soyo,AO,2022-03-02 15:00:43,-6.1349,12.3689,84.67,66,95,9.89
321,Okahandja,NA,2022-03-02 15:00:45,-21.9833,16.9167,75.83,30,100,5.03
322,Lavrentiya,RU,2022-03-02 15:00:45,65.5833,-171.0,12.27,96,99,4.54
323,Pevek,RU,2022-03-02 15:00:46,69.7008,170.3133,-16.47,100,99,1.77
324,Curup,ID,2022-03-02 15:00:47,-3.4667,102.5333,68.61,98,100,1.19
325,Geraldton,AU,2022-03-02 15:00:47,-28.7667,114.6,66.61,48,0,20.71
326,Kaoma,ZM,2022-03-02 15:00:48,-14.7833,24.8,78.4,68,100,1.99
327,Gidam,IN,2022-03-02 15:00:49,18.9833,81.4,74.98,25,49,0.96
328,Wasilla,US,2022-03-02 14:58:00,61.5814,-149.4394,25.93,68,78,7.0
329,Nadym,RU,2022-03-02 15:00:49,65.5333,72.5167,3.83,90,100,7.9
330,Cockburn Town,TC,2022-03-02 15:00:49,21.4612,-71.1419,77.95,72,0,8.21
331,Nelson,NZ,2022-03-02 15:00:50,-41.2833,173.2833,54.7,100,15,1.99
332,Kamennogorsk,RU,2022-03-02 15:00:50,60.9545,29.1339,33.3,94,98,6.29
333,Parainen,FI,2022-03-02 15:00:51,60.3067,22.301,37.49,89,8,8.12
334,Champasak,LA,2022-03-02 15:00:51,14.75,106.0,80.64,56,80,1.57
335,Nohar,IN,2022-03-02 15:00:52,29.1833,74.7667,74.68,25,100,7.49
336,Barra Patuca,HN,2022-03-02 15:00:53,15.8,-84.2833,78.03,74,42,7.43
337,Podporozhye,RU,2022-03-02 15:00:53,60.9112,34.1706,30.97,95,91,7.92
338,Katol,IN,2022-03-02 15:00:54,21.2667,78.5833,77.56,19,55,3.36
339,Salinopolis,BR,2022-03-02 15:00:55,-0.6136,-47.3561,84.69,68,71,11.16
340,Axim,GH,2022-03-02 15:00:55,4.8699,-2.2405,84.6,69,85,11.65
341,Mangaldai,IN,2022-03-02 15:00:56,26.4333,92.0333,71.51,37,0,1.43
342,Mount Gambier,AU,2022-03-02 15:00:56,-37.8333,140.7667,66.16,77,0,4.0
343,Namatanai,PG,2022-03-02 15:00:57,-3.6667,152.4333,76.77,90,100,5.28
344,Sorland,NO,2022-03-02 15:00:57,67.667,12.6934,37.47,69,100,23.13
345,Sisimiut,GL,2022-03-02 15:00:58,66.9395,-53.6735,22.26,68,97,8.25
346,Tevriz,RU,2022-03-02 15:00:58,57.509,72.4042,17.73,93,72,7.96
347,Lambarene,GA,2022-03-02 15:00:59,-0.7001,10.2406,89.42,53,59,3.11
348,Opuwo,NA,2022-03-02 15:00:59,-18.0607,13.84,84.56,32,33,12.26
349,Asau,RO,2022-03-02 15:01:00,46.4333,26.4,34.95,93,100,6.38
350,Capim Grosso,BR,2022-03-02 15:01:00,-11.3811,-40.0128,88.9,39,100,8.97
351,Sao Jose Da Coroa Grande,BR,2022-03-02 15:01:01,-8.8978,-35.1478,85.55,65,81,8.46
352,Yeppoon,AU,2022-03-02 15:01:02,-23.1333,150.7333,82.18,92,8,6.55
353,Marawi,PH,2022-03-02 15:01:02,7.9986,124.2928,68.65,96,38,0.72
354,Miramar,US,2022-03-02 14:56:38,25.9873,-80.2323,75.06,73,100,9.22
355,Victor Harbor,AU,2022-03-02 15:01:03,-35.5667,138.6167,74.71,92,0,3.96
356,Antalaha,MG,2022-03-02 15:01:04,-14.9003,50.2788,77.88,88,95,1.05
357,Atar,MR,2022-03-02 15:01:05,20.5169,-13.0499,90.93,12,0,17.69
358,Anadyr,RU,2022-03-02 15:01:05,64.75,177.4833,-2.97,100,90,5.97
359,Cidreira,BR,2022-03-02 15:01:06,-30.1811,-50.2056,77.23,80,99,9.75
360,Dzhebariki-Khaya,RU,2022-03-02 15:01:06,62.2167,135.8,-27.17,100,67,1.43
361,Alekseyevsk,RU,2022-03-02 15:01:07,57.8406,108.3492,21.99,91,100,7.4
362,Los Llanos De Aridane,ES,2022-03-02 15:01:07,28.6585,-17.9182,66.13,73,75,17.0
363,Caucaia,BR,2022-03-02 15:01:08,-3.7361,-38.6531,87.75,76,40,18.41
364,Smithers,CA,2022-03-02 15:01:08,54.7804,-127.1743,32.32,100,100,5.75
365,Turayf,SA,2022-03-02 15:01:09,31.6725,38.6637,72.09,18,100,13.82
366,Abay,KZ,2022-03-02 15:02:10,49.6311,72.8539,16.18,100,72,4.16
367,Port Lincoln,AU,2022-03-02 15:02:10,-34.7333,135.8667,66.76,87,13,10.07
368,Auki,SB,2022-03-02 15:02:11,-8.7676,160.7034,77.72,88,100,4.63
369,Novyy Svit,UA,2022-03-02 15:02:11,47.8059,38.0211,37.17,89,100,8.5
370,Breytovo,RU,2022-03-02 15:02:12,58.2993,37.8617,24.12,93,38,5.37
371,Mahonda,TZ,2022-03-02 15:02:12,-6.45,39.4667,82.67,73,31,12.62
372,Burnie,AU,2022-03-02 15:02:12,-41.0667,145.9167,66.92,95,67,15.73
373,Nikki,BJ,2022-03-02 15:02:13,9.9401,3.2108,102.33,8,43,3.85
374,Ngunguru,NZ,2022-03-02 15:02:13,-35.6167,174.5,68.16,70,66,23.13
375,Bay Roberts,CA,2022-03-02 15:02:14,47.5999,-53.2648,31.66,60,98,5.99
376,Ucluelet,CA,2022-03-02 14:59:45,48.9329,-125.5528,47.08,94,100,1.99
377,Izhma,RU,2022-03-02 15:02:14,65.0083,53.9113,30.69,87,100,12.06
378,Vaitape,PF,2022-03-02 15:02:15,-16.5167,-151.75,81.88,67,100,20.15
379,Saint-Pierre,RE,2022-03-02 15:02:15,-21.3393,55.4781,82.08,78,100,8.05
380,Matay,EG,2022-03-02 15:02:16,28.419,30.7792,83.53,15,100,8.7
381,Cabedelo,BR,2022-03-02 15:02:16,-6.9811,-34.8339,85.39,64,67,10.07
382,Gazojak,TM,2022-03-02 15:02:17,41.1875,61.4036,54.63,48,100,8.75
383,Bilibino,RU,2022-03-02 15:02:17,68.0546,166.4372,-13.58,99,28,4.27
384,Yar-Sale,RU,2022-03-02 15:02:17,66.8333,70.8333,2.77,93,100,6.89
385,Raudeberg,NO,2022-03-02 15:02:18,61.9875,5.1352,44.2,87,15,5.82
386,Port Moresby,PG,2022-03-02 15:02:19,-9.4431,147.1797,76.59,77,100,4.14
387,Honningsvag,NO,2022-03-02 15:02:19,70.9821,25.9704,37.22,92,86,28.03
388,Byron Bay,AU,2022-03-02 15:00:24,-28.65,153.6167,71.87,91,25,8.3
389,Aden,YE,2022-03-02 15:00:05,12.7794,45.0367,78.84,70,5,14.97
390,Banki,IN,2022-03-02 15:02:20,20.3833,85.5333,82.51,69,0,6.91
391,Winnemucca,US,2022-03-02 15:02:20,40.973,-117.7357,46.71,37,73,5.57
392,Whitehorse,CA,2022-03-02 15:02:21,60.7161,-135.0538,18.1,97,92,4.38
393,Palmer,US,2022-03-02 14:59:38,42.1584,-72.3287,41.02,54,10,8.99
394,Westport,US,2022-03-02 14:59:36,41.1415,-73.3579,45.28,67,15,4.0
395,Dudinka,RU,2022-03-02 15:02:21,69.4058,86.1778,-16.49,98,100,6.6
396,Trincomalee,LK,2022-03-02 15:02:22,8.5711,81.2335,80.85,73,100,14.36
397,Kuznechnoye,RU,2022-03-02 15:02:22,61.12,29.8686,33.46,92,99,7.96
398,Tanggu,CN,2022-03-02 15:02:23,39.0211,117.6469,37.36,36,0,10.16
399,Hovd,MN,2022-03-02 15:02:23,48.0056,91.6419,13.42,65,100,8.99
400,Novomikhaylovskiy,RU,2022-03-02 15:02:24,44.2581,38.8578,48.85,76,100,10.31
401,Porto Novo,BJ,2022-03-02 15:02:24,6.4965,2.6036,89.49,53,100,11.92
402,Taltal,CL,2022-03-02 15:00:54,-25.4,-70.4833,69.48,70,42,3.89
403,Porto Santo,PT,2022-03-02 15:02:25,33.072,-16.3415,69.3,72,40,12.66
404,Harper,LR,2022-03-02 15:02:25,4.375,-7.7169,86.25,64,56,11.07
405,Menongue,AO,2022-03-02 15:02:25,-14.6585,17.691,74.23,76,92,4.9
406,Lakes Entrance,AU,2022-03-02 15:02:26,-37.8811,147.981,63.16,90,57,12.15
407,Kropotkin,RU,2022-03-02 15:02:26,45.4375,40.5756,44.85,74,100,8.81
408,Cuamba,MZ,2022-03-02 15:02:27,-14.8031,36.5372,78.66,78,96,3.31
409,Canning,IN,2022-03-02 15:02:27,22.3189,88.6714,81.1,40,0,3.38
410,Rescaldina,IT,2022-03-02 15:02:28,45.6165,8.9538,54.7,32,0,4.61
411,Ust-Barguzin,RU,2022-03-02 15:02:28,53.45,108.9833,12.36,92,100,1.81
412,Villaviciosa,ES,2022-03-02 15:02:28,43.4813,-5.4357,58.6,90,81,3.58
413,Asind,IN,2022-03-02 15:02:29,25.7333,74.3333,67.82,37,37,3.13
414,Turkistan,KZ,2022-03-02 15:03:29,43.0,68.0,51.55,52,45,5.93
415,Macamic,CA,2022-03-02 15:03:30,48.7502,-78.9996,8.89,91,100,3.22
416,Havelock,US,2022-03-02 15:03:30,34.8791,-76.9013,66.94,57,0,7.0
417,Reconquista,AR,2022-03-02 15:03:30,-29.15,-59.65,86.13,42,0,1.7
418,Tintigny,BE,2022-03-02 15:03:31,49.6833,5.5135,48.69,56,95,5.55
419,San Pedro De Macoris,DO,2022-03-02 15:01:40,18.4616,-69.2972,82.38,67,69,3.04
420,Tyulyachi,RU,2022-03-02 15:03:31,55.8913,50.2399,25.0,99,23,5.14
421,Broken Hill,AU,2022-03-02 15:03:32,-31.95,141.4333,75.72,52,3,9.26
422,Muros,ES,2022-03-02 15:03:32,42.7762,-9.0603,55.24,88,100,14.38
423,Horki,BY,2022-03-02 15:03:32,54.2861,30.9842,29.59,95,82,1.19
424,Kangaatsiaq,GL,2022-03-02 15:03:33,68.3065,-53.4641,20.61,69,100,17.27
425,Rocha,UY,2022-03-02 15:01:08,-34.4833,-54.3333,84.81,27,0,15.12
426,Olafsvik,IS,2022-03-02 15:03:33,64.8945,-23.7142,36.57,94,100,14.74
427,Esso,RU,2022-03-02 15:00:37,55.9333,158.7,6.93,95,100,6.49
428,Wajima,JP,2022-03-02 15:03:34,37.4,136.9,44.01,67,8,14.14
429,Kurilsk,RU,2022-03-02 15:03:34,45.2333,147.8833,24.31,63,98,18.77
430,Rawson,AR,2022-03-02 15:03:35,-43.3002,-65.1023,65.08,39,0,5.21
431,Plettenberg Bay,ZA,2022-03-02 15:03:35,-34.0527,23.3716,70.43,74,27,2.48
432,Puerto Narino,CO,2022-03-02 15:03:36,-3.7703,-70.3831,86.16,62,100,3.31
433,Potosi,BO,2022-03-02 15:03:36,-19.5836,-65.7531,55.56,50,96,5.23
434,Rusape,ZW,2022-03-02 15:03:36,-18.5278,32.1284,72.63,62,86,5.61
435,Lompoc,US,2022-03-02 14:59:19,34.6391,-120.4579,56.43,50,64,3.96
436,Road Town,VG,2022-03-02 15:03:37,18.4167,-64.6167,80.01,78,1,15.23
437,Ajdabiya,LY,2022-03-02 15:03:37,30.7554,20.2263,57.69,48,5,25.68
438,Bardiyah,LY,2022-03-02 15:03:38,31.7561,25.0865,58.39,53,9,29.86
439,Yulara,AU,2022-03-02 15:03:38,-25.2406,130.9889,86.76,34,77,5.7
440,Vallenar,CL,2022-03-02 15:03:38,-28.5708,-70.7581,79.86,36,0,7.29
441,Mao,ES,2022-03-02 15:03:39,39.8885,4.2658,57.76,67,20,12.66
442,Pimentel,PE,2022-03-02 15:03:39,-6.8367,-79.9342,72.93,72,97,4.63
443,Inhambane,MZ,2022-03-02 15:03:40,-23.865,35.3833,79.48,56,3,13.22
444,Navirai,BR,2022-03-02 15:03:40,-23.065,-54.1906,76.57,79,99,4.99
445,Buy,RU,2022-03-02 15:03:40,58.4786,41.53,24.89,98,73,3.58
446,Lubben,DE,2022-03-02 15:03:41,51.95,13.9,48.7,43,96,3.65
447,Vila,PT,2022-03-02 15:03:41,42.0304,-8.1588,48.74,90,100,5.95
448,Dingle,PH,2022-03-02 15:03:42,10.9995,122.6711,76.5,89,91,8.01
449,Nelson Bay,AU,2022-03-02 15:03:42,-32.7167,152.15,70.11,96,99,1.01
450,Varnavino,RU,2022-03-02 15:03:42,57.4035,45.0916,23.7,99,27,3.94
451,Seoul,KR,2022-03-02 15:01:55,37.5683,126.9778,39.61,74,0,8.19
452,Mount Isa,AU,2022-03-02 15:01:10,-20.7333,139.5,71.37,37,7,2.3
453,Santa Cruz,BO,2022-03-02 15:02:49,-17.8,-63.1667,86.56,57,99,7.2
454,Samarai,PG,2022-03-02 15:03:43,-10.6167,150.6667,81.0,79,97,2.95
455,Prado,BR,2022-03-02 15:03:44,-17.3411,-39.2208,83.88,63,100,9.66
456,Kidal,ML,2022-03-02 15:03:44,18.4411,1.4078,95.76,8,60,5.28
457,Nirmal,IN,2022-03-02 15:03:44,19.1,78.35,82.04,24,57,5.28
458,San Julian,MX,2022-03-02 15:03:45,21.0167,-102.1667,60.1,42,0,3.78
459,Tiznit,MA,2022-03-02 15:03:45,29.5833,-9.5,69.15,41,0,13.94
460,Gayeri,BF,2022-03-02 15:04:46,12.6497,0.4931,103.1,7,64,3.09
461,Port Keats,AU,2022-03-02 15:04:46,-14.25,129.55,80.8,81,39,6.96
462,Raquira,CO,2022-03-02 15:04:46,5.5379,-73.632,67.44,66,82,1.5
463,Tessalit,ML,2022-03-02 15:04:47,20.1986,1.0114,93.27,13,3,11.05
464,Zaraza,VE,2022-03-02 15:04:47,9.3503,-65.3245,89.4,49,70,6.71
465,Novyy Urgal,RU,2022-03-02 15:04:48,51.0736,132.5642,-9.92,99,79,2.57
466,Sawtell,AU,2022-03-02 15:04:48,-30.3833,153.1,69.82,83,87,5.75
467,Lac-Megantic,CA,2022-03-02 15:04:48,45.5834,-70.8823,17.62,82,100,10.74
468,Bubaque,GW,2022-03-02 15:04:49,11.2833,-15.8333,78.55,56,31,13.96
469,Port-Gentil,GA,2022-03-02 15:04:49,-0.7193,8.7815,83.01,75,77,8.7
470,Pueblo Rico,CO,2022-03-02 15:04:50,5.2383,-76.0364,65.68,89,94,0.51
471,Derzhavinsk,KZ,2022-03-02 15:04:50,51.1,66.3167,8.33,100,36,3.98
472,Kijang,KR,2022-03-02 15:04:50,35.2442,129.2139,44.64,37,0,5.91
473,Atasu,KZ,2022-03-02 15:04:51,48.6814,71.6433,6.87,98,15,6.11
474,Ambon,ID,2022-03-02 15:04:51,-3.6954,128.1814,77.14,94,40,4.61
475,Saint Anthony,US,2022-03-02 15:04:52,45.0205,-93.218,32.09,85,100,9.22
476,Concordia,AR,2022-03-02 15:02:37,-31.393,-58.0209,80.78,66,0,7.0
477,Iluppur,IN,2022-03-02 15:04:52,10.5135,78.6236,81.75,59,100,10.94
478,Prieska,ZA,2022-03-02 15:04:53,-29.6641,22.7474,88.23,17,0,17.16
479,Mogadishu,SO,2022-03-02 15:01:43,2.0371,45.3438,80.82,78,48,22.66
480,Coihaique,CL,2022-03-02 15:02:10,-45.5752,-72.0662,51.57,94,100,5.7
481,Chumikan,RU,2022-03-02 15:04:53,54.7183,135.315,1.81,93,100,8.23
482,Girona,ES,2022-03-02 15:04:54,41.9831,2.8249,62.83,77,75,17.27
483,Petropavlovsk-Kamchatskiy,RU,2022-03-02 15:03:26,53.0452,158.6483,10.42,82,100,14.09
484,Paamiut,GL,2022-03-02 15:03:10,61.994,-49.6678,15.6,88,100,16.42
485,Lasa,IT,2022-03-02 15:04:54,46.6166,10.7002,50.02,55,61,3.49
486,San Patricio,US,2022-03-02 15:04:55,28.017,-97.5169,62.46,75,76,7.76
487,Morondava,MG,2022-03-02 15:04:55,-20.2833,44.2833,81.59,83,19,8.32
488,Solnechnyy,RU,2022-03-02 15:04:56,50.7214,136.6319,4.26,98,100,2.28
489,Mikhaylovka,RU,2022-03-02 15:04:56,50.06,43.2379,33.78,96,100,7.05
490,Shihezi,CN,2022-03-02 15:04:56,44.3,86.0333,27.61,91,99,5.21
491,Fare,PF,2022-03-02 15:04:57,-16.7,-151.0167,81.41,73,100,19.35
492,Ketchikan,US,2022-03-02 15:04:57,55.3422,-131.6461,39.67,100,100,0.0
493,Takab,IR,2022-03-02 15:04:57,36.4009,47.1133,38.5,84,79,2.66
494,Bowen,AU,2022-03-02 15:04:58,-20.0167,148.2333,82.96,91,57,15.01
495,Gigmoto,PH,2022-03-02 15:04:58,13.7796,124.39,78.71,88,43,13.04
496,Nagornyy,RU,2022-03-02 15:04:58,52.7959,83.5498,16.95,93,26,9.91
497,Fayaoue,NC,2022-03-02 15:04:59,-20.65,166.5333,82.27,83,99,16.75
498,Islamkot,PK,2022-03-02 15:04:59,24.6997,70.177,81.5,27,47,12.44
499,Scarborough,GB,2022-03-02 15:04:02,54.2797,-0.4044,44.08,86,100,11.01
500,Araouane,ML,2022-03-02 15:05:00,18.9048,-3.5265,91.02,9,9,10.45
501,Gamba,GA,2022-03-02 15:05:00,-2.65,10.0,85.23,67,73,9.31
502,Independence,US,2022-03-02 15:04:34,39.0911,-94.4155,62.01,35,0,9.22
503,Shubarkuduk,KZ,2022-03-02 15:05:01,49.1447,56.4872,16.39,89,11,6.02
504,Xacmaz,AZ,2022-03-02 15:05:01,41.4635,48.806,45.93,86,70,3.89
505,Wajir,KE,2022-03-02 15:02:18,1.7471,40.0573,97.45,16,57,14.54
506,Olinda,BR,2022-03-02 15:00:35,-8.0089,-34.8553,85.73,66,40,6.91
507,Sola,VU,2022-03-02 15:01:17,-13.8833,167.55,80.78,79,99,7.54
508,Nantucket,US,2022-03-02 15:06:02,41.2835,-70.0995,44.74,69,6,17.45
509,Sobolevo,RU,2022-03-02 15:06:03,54.4299,31.8996,26.24,95,24,0.22
510,Kalat,PK,2022-03-02 15:06:03,29.0225,66.5916,48.49,56,9,11.43
511,Zile,TR,2022-03-02 15:06:04,40.3031,35.8864,36.72,100,100,2.1
512,Richards Bay,ZA,2022-03-02 15:06:04,-28.783,32.0377,81.48,64,4,14.32
513,Puerto Del Rosario,ES,2022-03-02 15:06:05,28.5004,-13.8627,69.55,60,20,17.27
514,Murwara,IN,2022-03-02 15:06:05,23.85,80.4,73.15,19,0,6.82
515,Victoria Point,AU,2022-03-02 15:06:06,-27.5833,153.3,76.95,90,37,1.99
516,Sicuani,PE,2022-03-02 15:06:06,-14.2694,-71.2261,55.9,51,15,4.65
517,Ardakan,IR,2022-03-02 15:06:07,32.31,54.0175,70.18,15,70,4.92
518,Kapit,MY,2022-03-02 15:06:07,2.0167,112.9333,73.56,98,99,0.92
519,Moron,AR,2022-03-02 15:02:37,-34.6534,-58.6198,79.92,54,0,12.24
520,Bantry,IE,2022-03-02 15:06:08,51.6833,-9.45,51.75,92,100,8.61
521,Wum,CM,2022-03-02 15:06:08,6.3833,10.0667,91.85,15,82,8.28
522,Bereda,ES,2022-03-02 15:06:08,43.2686,-7.5406,51.15,95,100,6.13
523,Arlit,NE,2022-03-02 15:06:09,18.7369,7.3853,97.14,5,7,2.66
524,Jaltenango,MX,2022-03-02 15:06:09,15.8719,-92.7247,71.2,66,55,3.38
525,Bambanglipuro,ID,2022-03-02 15:06:10,-7.95,110.2833,76.73,89,84,7.16
526,Ende,ID,2022-03-02 15:06:10,-8.8432,121.6623,78.48,89,68,5.21
527,Saint-Francois,FR,2022-03-02 15:06:11,46.4154,3.9054,56.68,53,0,3.44
528,Tenkodogo,BF,2022-03-02 15:06:11,11.78,-0.3697,101.01,10,43,4.88
529,Esperance,AU,2022-03-02 15:06:12,-33.8667,121.9,63.12,64,89,17.98
530,Sfantu Gheorghe,RO,2022-03-02 15:04:52,45.8667,25.7833,34.93,73,100,7.56
531,Xinxiang,CN,2022-03-02 15:06:12,35.3089,113.8672,49.39,21,0,5.99
532,Talara,PE,2022-03-02 15:06:13,-4.5772,-81.2719,81.36,69,0,10.36
533,Cusuna,HN,2022-03-02 15:06:13,15.85,-85.2333,75.15,81,73,3.62
534,Cururupu,BR,2022-03-02 15:06:14,-1.8283,-44.8683,88.27,54,100,7.52
535,Chernyshevskiy,RU,2022-03-02 15:06:14,63.0128,112.4714,7.45,95,100,8.77
536,Khorramshahr,IR,2022-03-02 15:06:15,30.4397,48.1664,78.75,27,0,4.61
537,Vysokogornyy,RU,2022-03-02 15:06:15,50.1167,139.15,-4.74,100,100,1.3
538,Staroye Drozhzhanoye,RU,2022-03-02 15:06:15,54.7266,47.5677,16.57,97,67,4.12
539,Buchanan,LR,2022-03-02 15:05:54,5.8808,-10.0467,89.56,64,54,10.38
540,Deer Lake,CA,2022-03-02 15:06:16,49.1667,-57.4316,25.27,78,100,10.16
541,Capao Da Canoa,BR,2022-03-02 15:06:17,-29.7456,-50.0097,73.4,92,99,4.59
542,Manggar,ID,2022-03-02 15:06:17,-2.8833,108.2667,80.67,81,92,8.21
543,Ordzhonikidze,KZ,2022-03-02 15:06:10,52.4411,61.7408,8.98,98,31,5.5
544,Laguna,US,2022-03-02 15:06:18,38.421,-121.4238,59.09,87,0,0.0
545,Baykit,RU,2022-03-02 15:06:18,61.67,96.37,15.76,89,100,9.33
546,Akcaabat,TR,2022-03-02 15:06:19,41.0212,39.5715,48.07,87,75,2.3
547,Bilecik,TR,2022-03-02 15:01:59,40.0,30.1667,31.62,87,100,7.85
548,Moose Factory,CA,2022-03-02 15:06:21,51.2585,-80.6094,-0.42,71,100,6.91
549,Ginir,ET,2022-03-02 15:06:21,7.1333,40.7,75.11,19,17,13.2
550,Dargaville,NZ,2022-03-02 15:06:21,-35.9333,173.8833,63.59,77,20,9.55
551,Linguere,SN,2022-03-02 15:06:22,15.3953,-15.1193,95.34,9,80,8.48
552,Benguela,AO,2022-03-02 15:06:22,-12.5763,13.4055,84.94,64,99,8.72
553,Albanel,CA,2022-03-02 15:06:23,48.8832,-72.4487,13.59,75,60,11.23
554,Mamaku,NZ,2022-03-02 15:06:23,-38.1,176.0833,50.41,78,0,5.55
555,Pacifica,US,2022-03-02 15:05:15,37.6138,-122.4869,54.09,93,75,3.44
556,Kurmanayevka,RU,2022-03-02 15:06:24,52.5093,52.0675,20.32,95,80,3.96
557,Kitakata,JP,2022-03-02 15:07:24,37.65,139.8667,32.56,94,22,0.36
558,Sept-Iles,CA,2022-03-02 15:06:36,50.2001,-66.3821,19.06,77,100,1.99
559,Bayan,CN,2022-03-02 15:05:19,46.0833,127.4,4.86,95,58,6.71
560,Udachnyy,RU,2022-03-02 15:04:42,66.4167,112.4,-7.96,100,100,4.88
561,Haines Junction,CA,2022-03-02 15:07:25,60.7522,-137.5108,10.47,98,100,1.9
562,Bani,DO,2022-03-02 15:07:25,18.2833,-70.3333,82.85,62,64,6.67
563,Zaranj,AF,2022-03-02 15:07:26,30.9667,61.8833,64.36,30,0,3.09
564,Bairiki,KI,2022-03-02 15:07:26,1.3292,172.9752,80.6,94,75,6.91
565,Mutsu,JP,2022-03-02 15:07:27,41.2894,141.2169,33.01,69,78,10.74
566,Kununurra,AU,2022-03-02 15:07:27,-15.7667,128.7333,80.58,89,72,5.75
567,Bathsheba,BB,2022-03-02 15:07:27,13.2167,-59.5167,81.05,73,33,16.87
568,Shellbrook,CA,2022-03-02 15:07:28,53.2168,-106.4011,-17.5,100,91,3.2
569,Bogorodskoye,RU,2022-03-02 15:07:28,56.55,37.8833,27.1,96,100,2.98
570,Zhangye,CN,2022-03-02 15:07:28,38.9342,100.4517,36.23,29,100,1.92
571,Msanga,TZ,2022-03-02 15:07:29,-6.05,36.0333,78.51,65,60,3.53
572,Trairi,BR,2022-03-02 15:07:29,-3.2778,-39.2689,81.99,80,100,10.02
573,Arroio Grande,BR,2022-03-02 15:07:29,-32.2375,-53.0869,85.98,40,0,7.83
574,San Pedro,PH,2022-03-02 15:07:30,14.35,121.0167,80.31,77,25,10.92
575,Macia,MZ,2022-03-02 15:07:30,-25.0269,33.0989,82.24,48,43,12.35
576,Kieta,PG,2022-03-02 15:07:31,-6.2167,155.6333,78.69,83,100,4.12
577,Beringovskiy,RU,2022-03-02 15:07:31,63.05,179.3167,18.77,96,100,10.6
578,Puerto Ayacucho,VE,2022-03-02 15:07:31,5.6639,-67.6236,85.68,62,91,1.86
579,Shache,CN,2022-03-02 15:07:32,38.4167,77.2406,49.71,25,1,8.1
